{
  "horizon": 12,
  "n_samples": 400,
  "lam": 0.044816020202727805,
  "sigma": [
    0.5,
    0.2,
    0.2,
    0.15
  ],
  "strike_range": 5.832664019224142,
  "cruise_w_pos": 6.1230947765373935,
  "cruise_w_vel": 3.1828402744241657,
  "cruise_w_vel_running": 0.0,
  "cruise_w_pos_running": 4.662878294914355,
  "cruise_w_tilt": 35.40249420851897,
  "cruise_w_tilt_running": 13.296978274139349,
  "cruise_w_yaw": 4.0,
  "cruise_w_ang_vel": 3.0,
  "cruise_w_ang_vel_running": 2.0,
  "cruise_w_ctrl_rate": 0.4778725814665041,
  "cruise_w_closing": 0.0,
  "cruise_att_max": 0.9449515735426852,
  "cruise_thrust_min": -2.0,
  "cruise_thrust_max": 5.662269524125403,
  "cruise_z_min": 0.5,
  "cruise_w_floor": 20.0,
  "strike_w_pos": 49.89971667311656,
  "strike_w_vel": 2.8979199217558516,
  "strike_w_vel_running": 0.0,
  "strike_w_pos_running": 5.567901182277081,
  "strike_w_tilt": 0.14218621170208634,
  "strike_w_tilt_running": 0.5,
  "strike_w_yaw": 0.1,
  "strike_w_ang_vel": 0.5,
  "strike_w_ang_vel_running": 0.2,
  "strike_w_ctrl_rate": 0.1,
  "strike_w_closing": 2.9699885604707625,
  "strike_att_max": 1.2998911110139417,
  "strike_thrust_min": -2.0,
  "strike_thrust_max": 9.285246816260079,
  "strike_z_min": 0.3,
  "strike_w_floor": 10.0
}