{
  "horizon": 12,
  "n_samples": 400,
  "n_elite": 60,
  "n_iterations": 5,
  "strike_range": 3.45361554746938,
  "cruise_w_pos": 17.097553476741595,
  "cruise_w_vel": 5.170350900957939,
  "cruise_w_vel_running": 0.0,
  "cruise_w_pos_running": 2.2689517579815366,
  "cruise_w_tilt": 6.815869324088479,
  "cruise_w_tilt_running": 0.5984153411074117,
  "cruise_w_yaw": 4.0,
  "cruise_w_ang_vel": 3.0,
  "cruise_w_ang_vel_running": 2.0,
  "cruise_w_ctrl_rate": 1.0,
  "cruise_att_max": 1.3299831731144063,
  "cruise_thrust_max": 12.0,
  "strike_w_pos": 76.54315643455605,
  "strike_w_vel": 2.5913976948115227,
  "strike_w_vel_running": 0.0,
  "strike_w_pos_running": 4.397489409828177,
  "strike_w_tilt": 2.34266308890542,
  "strike_w_tilt_running": 0.5,
  "strike_w_yaw": 0.1,
  "strike_w_ang_vel": 0.5,
  "strike_w_ang_vel_running": 0.2,
  "strike_w_ctrl_rate": 0.1,
  "strike_att_max": 0.7782008532800889,
  "strike_thrust_max": 6.0
}