{
  "horizon": 12,
  "n_samples": 400,
  "lam": 0.21255995923285173,
  "sigma": [
    0.5,
    0.2,
    0.2,
    0.15
  ],
  "strike_range": 6.293569030009939,
  "cruise_w_pos": 16.566402715150478,
  "cruise_w_vel": 3.7928557900508353,
  "cruise_w_vel_running": 0.0,
  "cruise_w_pos_running": 3.2626085843172974,
  "cruise_w_tilt": 60.0,
  "cruise_w_tilt_running": 22.749351158251088,
  "cruise_w_yaw": 4.0,
  "cruise_w_ang_vel": 3.0,
  "cruise_w_ang_vel_running": 2.0,
  "cruise_w_ctrl_rate": 0.4212484259671347,
  "cruise_w_closing": 0.0,
  "cruise_att_max": 0.9084227242938581,
  "cruise_thrust_min": -2.0,
  "cruise_thrust_max": 8.786796894660851,
  "cruise_z_min": 0.5,
  "cruise_w_floor": 20.0,
  "strike_w_pos": 67.80950422421407,
  "strike_w_vel": 3.039681267639941,
  "strike_w_vel_running": 0.0,
  "strike_w_pos_running": 6.578178327453919,
  "strike_w_tilt": 0.3757876441601931,
  "strike_w_tilt_running": 0.5,
  "strike_w_yaw": 0.1,
  "strike_w_ang_vel": 0.5,
  "strike_w_ang_vel_running": 0.2,
  "strike_w_ctrl_rate": 0.1,
  "strike_w_closing": 2.6111641756876303,
  "strike_att_max": 1.2710764327419675,
  "strike_thrust_min": -2.0,
  "strike_thrust_max": 10.7595111815499,
  "strike_z_min": 0.3,
  "strike_w_floor": 10.0
}