{
  "horizon": 12,
  "n_samples": 400,
  "n_elite": 60,
  "n_iterations": 5,
  "strike_range": 2.985271400928198,
  "cruise_w_pos": 9.015981996226648,
  "cruise_w_vel": 3.799269559001205,
  "cruise_w_vel_running": 0.0,
  "cruise_w_pos_running": 1.7206115543073635,
  "cruise_w_tilt": 5.3075166933216575,
  "cruise_w_tilt_running": 0.5928312068216389,
  "cruise_w_yaw": 4.0,
  "cruise_w_ang_vel": 3.0,
  "cruise_w_ang_vel_running": 2.0,
  "cruise_w_ctrl_rate": 1.0,
  "cruise_att_max": 1.1272975175524884,
  "cruise_thrust_max": 10.229563167528827,
  "strike_w_pos": 69.88992308730606,
  "strike_w_vel": 2.5942256434535493,
  "strike_w_vel_running": 0.0,
  "strike_w_pos_running": 7.476262758651229,
  "strike_w_tilt": 2.937998175981945,
  "strike_w_tilt_running": 0.5,
  "strike_w_yaw": 0.1,
  "strike_w_ang_vel": 0.5,
  "strike_w_ang_vel_running": 0.2,
  "strike_w_ctrl_rate": 0.1,
  "strike_att_max": 0.8182575219395736,
  "strike_thrust_max": 8.595969594525222
}